priority,status,site,submission_url,category,best_angle,needs_account,notes
1,not_started,Solana Ecosystem,https://solana.com/ecosystem,Solana ecosystem,Solana-native trading terminal and Telegram bot,yes,"Official Solana ecosystem directory; source says submit project from ecosystem page after login."
1,not_started,Solana Ecosystem Directory,https://www.solanaecosystem.com/directory,Solana ecosystem,Solana memecoin terminal and community bot,unknown,"Directory page advertises Submit Your Project."
1,not_started,TokenToolHub Crypto Tools,https://tokentoolhub.com/ai-crypto-tools/,Crypto tools,Trading automation + token screening + wallet intelligence,unknown,"Crypto tools directory shows Submit a Tool."
1,not_started,Alchemy Dapp Store - Solana,https://www.alchemy.com/dapps/ecosystem/solana,Web3 directory,Solana app/tool listing for traders,unknown,"Check for claim/add/listing workflow or contact."
1,not_started,Alchemy Dapp Store - DeFi Tools,https://www.alchemy.com/dapps/top/defi-tools,Web3 directory,DeFi/trading tool for Solana memecoins,unknown,"Good fit if they accept user-submitted dapps."
1,not_started,Product Hunt,https://www.producthunt.com/,Launch site,Launch SlimeWire as Solana trading terminal + TG bot,yes,"Needs human launch day and maker account."
1,not_started,Indie Hackers,https://www.indiehackers.com/,Startup community,Builder story + crypto terminal launch,yes,"Manual post; avoid spam."
1,not_started,Reddit r/Solana,https://www.reddit.com/r/solana/,Community,Useful tool for Solana traders and groups,yes,"Read subreddit rules first; value post only."
1,not_started,Reddit r/CryptoCurrency,https://www.reddit.com/r/CryptoCurrency/,Community,Discussion post about Solana trading workflow,yes,"Strict rules; no shill-only post."
1,not_started,Reddit r/defi,https://www.reddit.com/r/defi/,Community,DeFi tooling discussion and feedback request,yes,"Ask for feedback, do not spam."
1,not_started,Reddit r/TelegramBots,https://www.reddit.com/r/TelegramBots/,Telegram bot community,@SlimeWiredBot as crypto utility bot,yes,"Check rules around crypto bots."
1,not_started,Reddit r/SideProject,https://www.reddit.com/r/SideProject/,Startup community,All-in-one Solana terminal side project story,yes,"Good for founder story."
1,not_started,Reddit r/SaaS,https://www.reddit.com/r/SaaS/,Startup community,Trading SaaS/tool launch and lessons,yes,"Ask for feedback on positioning."
1,not_started,Hacker News Show HN,https://news.ycombinator.com/show,Launch community,Show HN SlimeWire: Solana trading terminal + Telegram bot,yes,"Only if technical/founder story is strong."
1,not_started,Dev.to,https://dev.to/,Developer community,How we built a Solana Telegram trading bot stack,yes,"Post technical write-up, not pure listing."
1,not_started,Medium,https://medium.com/,Publishing,Solana trading stack guide linking SlimeWire,yes,"Publish educational article."
1,not_started,Mirror,https://mirror.xyz/,Web3 publishing,Web3-native launch post and product story,yes,"Good crypto-native announcement."
2,not_started,Startup Stash,https://startupstash.com/,Startup directory,Crypto trading tool / fintech tool,unknown,"Site has List A Product path."
2,not_started,Launching Next,https://www.launchingnext.com/,Startup directory,New crypto terminal launch,unknown,"Often listed in free startup directory lists."
2,not_started,BetaList,https://betalist.com/,Startup directory,Early access SlimeWire terminal,yes,"Free/paid options may vary."
2,not_started,BetaPage,https://betapage.co/,Startup directory,Crypto/finance product listing,yes,"Check current free submission status."
2,not_started,AlternativeTo,https://alternativeto.net/,Software directory,Alternative to multiple Solana bots/chart tools,yes,"Needs category and comparable apps."
2,not_started,SaaSHub,https://www.saashub.com/,Software directory,Crypto trading tool listing,yes,"May support product pages."
2,not_started,Crozdesk,https://crozdesk.com/,Software directory,Fintech/crypto software listing,yes,"Check listing requirements."
2,not_started,StackShare,https://stackshare.io/,Developer/company directory,Stack/product profile,yes,"More dev/company oriented."
2,not_started,G2,https://www.g2.com/,Software review directory,Crypto trading software listing,yes,"Usually business software; may be a stretch."
2,not_started,Capterra,https://www.capterra.com/,Software review directory,Trading/financial software listing,yes,"Usually B2B review process."
2,not_started,Trustpilot,https://www.trustpilot.com/,Review platform,Claim profile for reputation,yes,"Claiming profile can help branded search."
2,not_started,Crunchbase,https://www.crunchbase.com/,Company directory,Company/product profile,yes,"Useful entity credibility."
2,not_started,AngelList / Wellfound,https://wellfound.com/,Startup directory,Web3 startup profile,yes,"Good for team and startup visibility."
2,not_started,F6S,https://www.f6s.com/,Startup directory,Web3 startup profile,yes,"Startup profile; check if public listing indexed."
2,not_started,GitHub Awesome Solana,https://github.com/search?q=awesome+solana&type=repositories,GitHub awesome lists,PR SlimeWire under tools/trading,yes,"Find active repos and submit PRs."
2,not_started,GitHub Awesome Telegram Bots,https://github.com/search?q=awesome+telegram+bots&type=repositories,GitHub awesome lists,PR @SlimeWiredBot under finance/crypto,yes,"Submit only to maintained lists."
2,not_started,GitHub Awesome Crypto Trading Bots,https://github.com/search?q=awesome+crypto+trading+bot&type=repositories,GitHub awesome lists,PR SlimeWire under Solana/Telegram bots,yes,"Check quality and activity before PR."
2,not_started,AI Tools Directory,https://aitoolsdirectory.com/submit-tool,AI/tool directory,AI-assisted crypto terminal and automation workflows,no,"Submit page found; manually reviewed."
2,not_started,Insidr AI Submit Tools,https://www.insidr.ai/submit-tools/,AI/tool directory,AI-assisted crypto scans and trading workflows,no,"Submit page found."
2,not_started,GPTBot Submit AI Tool,https://gptbot.io/submit-ai-tool,AI/tool directory,AI-assisted trading terminal,unknown,"Submit page asks for clear original descriptions."
2,not_started,Best AI Brands,https://bestaibrands.com/,AI/tool directory,AI-assisted Solana terminal,unknown,"Source post says free submissions; verify on site."
2,not_started,Flaex AI Web3 Directory,https://www.flaex.ai/web3,Web3 AI directory,Web3 AI/automation crypto tool,unknown,"Web3 directory page has Submit a Tool navigation."
2,not_started,FutureTools,https://www.futuretools.io/,AI/tool directory,AI-assisted crypto workflow tool,unknown,"Check submit page and category fit."
2,not_started,There Is An AI For That,https://theresanaiforthat.com/,AI/tool directory,AI-assisted token scanner/trading workflow,unknown,"High-traffic AI directory; check submit flow."
2,not_started,Toolify,https://www.toolify.ai/,AI/tool directory,AI-assisted crypto terminal,unknown,"Check if submit is free."
2,not_started,DevHunt,https://devhunt.org/,Developer launch site,Solana trading terminal for builders/traders,yes,"Dev/tool launch site."
2,not_started,DevPost Software Gallery,https://devpost.com/software,Developer project directory,Solana/TG bot project entry,yes,"Better if framed as hack/project."
2,not_started,Uneed,https://www.uneed.best/,Tool directory,Solana trading terminal and bot,unknown,"Check submit flow."
2,not_started,Tiny Startups,https://www.tinystartups.com/,Startup directory,Indie crypto terminal launch,unknown,"Check if submissions open."
2,not_started,Startup Buffer,https://startupbuffer.com/,Startup directory,Web3 trading product listing,unknown,"Check current submit flow."
2,not_started,SideProjectors,https://www.sideprojectors.com/,Startup/project marketplace,Side project listing for SlimeWire,yes,"Can drive discovery."
3,not_started,CoinMarketCap Chatbot Page Contact,https://coinmarketcap.com/chatbot/,Listicle/reference outreach,Comparable Telegram price/trading bot landscape,unknown,"Not a submit page; use for positioning, not direct listing."
3,not_started,CoinGecko Learn/News Pitch,https://www.coingecko.com/learn,Editorial outreach,Pitch educational article on Telegram trading bot safety,unknown,"Manual editorial pitch."
3,not_started,CoinMarketCap Alexandria Pitch,https://coinmarketcap.com/alexandria/,Editorial outreach,Pitch Solana Telegram bot guide,unknown,"Manual editorial pitch."
3,not_started,DappRadar,https://dappradar.com/,Dapp directory,Solana trading dapp/tool,yes,"Check if non-contract web app qualifies."
3,not_started,Dapp.com,https://www.dapp.com/,Dapp directory,Solana/web3 app listing,unknown,"Check if active and accepting submissions."
3,not_started,DappReview,https://dapp.review/,Dapp directory,Web3 trading app listing,unknown,"Check availability."
3,not_started,State of the Dapps,https://www.stateofthedapps.com/,Dapp directory,Trading/DeFi tool listing,unknown,"Check if still accepting submissions."
3,not_started,CryptoTotem Solana Ecosystem,https://cryptototem.com/solana-ecosystem/,Crypto ecosystem directory,Solana ecosystem project,unknown,"Find contact/add project path."
3,not_started,Coinranking,https://coinranking.com/coin-listing,Crypto listing,Only relevant if listing token/coin; not core app,yes,"Use only if/when SlimeWire token/coin listing is desired."
3,not_started,Blockspot Portal,https://portal.blockspot.io/submit-coin,Crypto listing,Only relevant if token listing,unknown,"Token listing, not app listing."
3,not_started,CoinSniper,https://coinsniper.net/,Crypto listing,Only relevant if token listing,yes,"Mostly token/coin listings."
3,not_started,CoinHunt,https://coinhunt.cc/,Crypto listing,Only relevant if token listing,unknown,"Check if free and appropriate."
3,not_started,ICOholder,https://icoholder.com/,Crypto project directory,Project profile if token/launch exists,unknown,"Check submit/add project."
3,not_started,ICO Drops,https://icodrops.com/,Crypto project directory,Only if fundraising/token angle,unknown,"Not for generic tool."
3,not_started,CryptoSlate Directory,https://cryptoslate.com/,Crypto directory/editorial,Pitch product/profile/editorial,unknown,"Find contact; quality over mass spam."
3,not_started,The Defiant Pitch,https://thedefiant.io/,Editorial outreach,Pitch Solana Telegram trading bot trend,unknown,"Editorial; needs story/news angle."
3,not_started,Decrypt Pitch,https://decrypt.co/,Editorial outreach,Pitch SlimeWire launch/tools angle,unknown,"Editorial; only if newsworthy."
3,not_started,CoinTelegraph Pitch,https://cointelegraph.com/,Editorial outreach,Pitch founder/product story,unknown,"May require PR/contact."
3,not_started,BeInCrypto Pitch,https://beincrypto.com/,Editorial outreach,Pitch Solana memecoin terminal angle,unknown,"Manual pitch."
3,not_started,NewsBTC Pitch,https://www.newsbtc.com/,Editorial outreach,Pitch crypto tool launch,unknown,"Manual pitch."
3,not_started,AMBCrypto Pitch,https://ambcrypto.com/,Editorial outreach,Pitch Telegram bot/tool guide,unknown,"Manual pitch."
3,not_started,Blockworks Pitch,https://blockworks.co/,Editorial outreach,Pitch market tooling/product story,unknown,"High bar."
3,not_started,Bankless Pitch,https://www.bankless.com/,Newsletter outreach,Pitch tool or sponsor/content idea,unknown,"Probably editorial/sponsor."
3,not_started,Solana Compass,https://solanacompass.com/,Solana ecosystem/media,Pitch tool or resource inclusion,unknown,"Find contact/resource page."
3,not_started,SolanaFloor,https://solanafloor.com/,Solana media,Pitch product/tool news,unknown,"Manual outreach."
3,not_started,Step Finance Resources,https://www.step.finance/,Solana ecosystem outreach,Potential ecosystem mention/partnership,unknown,"Relationship-driven."
3,not_started,Jupiter Research/Community,https://station.jup.ag/,Solana community,Community/resource mention if relevant,unknown,"Avoid spam; join/engage first."
3,not_started,Telegramic,https://telegramic.org/,Telegram bot directory,Submit/claim Telegram bot listing,unknown,"Verify active submit flow."
3,not_started,Telegram Channels,https://telegramchannels.me/,Telegram directory,List @SlimeWiredBot or SlimeWire community channel,unknown,"Check categories and bot eligibility."
3,not_started,TGStat,https://tgstat.com/,Telegram analytics/directory,Claim/list Telegram channel/bot if possible,yes,"May need Telegram ownership."
3,not_started,BotsArchive,https://botsarchive.com/,Telegram bot directory,List @SlimeWiredBot,unknown,"Verify submit path."
3,not_started,Botostore,https://botostore.com/,Bot directory,List @SlimeWiredBot,unknown,"Check current activity."
3,not_started,Product Hunt Upcoming,https://www.producthunt.com/upcoming,Launch waitlist,Build followers before launch,yes,"Use before public Product Hunt launch."
